{"cameraMode":{"drawMode":0,"name":"Shaded","section":"Shading Mode"},"sceneLighting":true,"audioPlay":false,"sceneViewState":{"m_AlwaysRefresh":false,"showFog":true,"showSkybox":true,"showFlares":true,"showImageEffects":true,"showParticleSystems":true,"showVisualEffectGraphs":true,"m_FxEnabled":true},"in2DMode":false,"pivot":{"x":581.5474243164063,"y":444.80499267578127,"z":290.3052673339844},"rotation":{"x":0.24557970464229585,"y":-0.08044909685850144,"z":-0.020456235855817796,"w":-0.9658353328704834},"size":223.87974548339845,"orthographic":false}