{"cameraMode":{"drawMode":0,"name":"Shaded","section":"Shading Mode"},"sceneLighting":true,"audioPlay":false,"sceneViewState":{"m_AlwaysRefresh":false,"showFog":true,"showSkybox":true,"showFlares":true,"showImageEffects":true,"showParticleSystems":true,"showVisualEffectGraphs":true,"m_FxEnabled":true},"in2DMode":false,"pivot":{"x":546.1959838867188,"y":445.33148193359377,"z":604.11083984375},"rotation":{"x":0.03058607690036297,"y":0.0020957663655281069,"z":0.0000664219114696607,"w":-0.9995498657226563},"size":581.3754272460938,"orthographic":false}